id,creationDate,lastUpdateDate,createdBy,lastUpdatedBy,studentName,class,percentage
6,2023-07-20T05:03:30.045,2023-07-20T05:03:30.045,devops_user,devops_user,ABC,10,90.0
7,2023-07-20T05:03:30.045,2023-07-20T05:05:48,devops_user,devops_user,OPQ,10th,94.0
8,2023-07-20T05:03:30.045,2023-07-20T05:03:30.045,devops_user,devops_user,LMN,10,80.0
9,2023-07-20T05:03:30.046,2023-07-20T05:03:30.046,devops_user,devops_user,XYZ,10,38.0
10,2023-07-20T05:03:30.046,2023-07-20T05:03:30.046,devops_user,devops_user,PRS,10,98.0
11,2023-07-20T05:04:58,2023-07-20T05:04:58.021,devops_user,devops_user,Chandini,10th,97.0
