{
  "root": "deleteStudentDetails",
  "variables": {
    "studentDetailsId": {
      "type": "string",
      "input": "fromCaller",
      "required": true
    }
  },
  "actions": {
    "deleteStudentDetails": {
      "module": "vb/action/builtin/restAction",
      "parameters": {
        "endpoint": "businessObjects/delete_StudentDetails",
        "uriParams": {
          "StudentDetails_Id": "[[ $variables.studentDetailsId ]]"
        }
      },
      "outcomes": {
        "success": "resetSelection",
        "failure": "fireErrorNotification"
      }
    },
    "resetSelection": {
      "module": "vb/action/builtin/resetVariablesAction",
      "parameters": {
        "variables": [
          "[[ '$page.variables.oj_table_270161789_1SelectedId' ]]"
        ]
      },
      "outcomes": {
        "success": "refreshDataProvider"
      },
      "description": "Resets selection variable",
      "label": "Reset selection"
    },
    "refreshDataProvider": {
      "module": "vb/action/builtin/fireDataProviderEventAction",
      "outcomes": {
        "success": "fireSuccessNotification"
      },
      "parameters": {
        "refresh": null,
        "target": "[[ $page.variables.studentDetailsListSDP ]]"
      }
    },
    "fireSuccessNotification": {
      "module": "vb/action/builtin/fireNotificationEventAction",
      "parameters": {
        "summary": "StudentDetails deleted",
        "message": "[[ 'StudentDetails [' + $variables.studentDetailsId + '] successfully deleted' ]]",
        "type": "confirmation",
        "displayMode": "transient"
      }
    },
    "fireErrorNotification": {
      "module": "vb/action/builtin/fireNotificationEventAction",
      "parameters": {
        "summary": "Delete failed",
        "message": "[[ 'Could not delete data: status ' + $chain.results.deleteStudentDetails.status ]]",
        "type": "error",
        "displayMode": "persist"
      }
    }
  }
}